Ethnicity,Gender,Trial Run,Subject Number ,1-Chlorononane,1-nonanol,1-Octadecene,"2,4-Diisopropylphenol",alpha-amylcinnamaldehyde,alpha-hexylcinnameldehyde,Benzophenone,Decanal,Dibutyl Phthalate,Dodecanoic acid,heptadecane,Hexadecane ,Hexyl salicylate,Isopropyl Myristate,Methyl Decanoate,Methyl palmitate,Napthalene,Nonanal,Octacosane,Octadecane,Pentadecane,Pristane,Tetradecane,Tetradecanoic acid,Undecanoic Acid,Isopropyl Palmitate
African American,Female,,F5-092718-LH,0,0,0,0,0.72925312,0,0,8.131220265,0,0,0,0,0,0,0,0,0,0,0.643682479,0,0,0,0,0,0,0
African American,Female,,F5-092718-RH,0,0.500433092,0.573010012,0,3.065260536,0.542375,0,5.98266741,0,1.418623607,0.664313,0.946078,0,0,0,0,0,3.857621762,0,0.535975,0,0,0,0.834333577,0,0
Hispanic,Female,,F10-092718-LH,0,0,0,0,1.627104025,0,0,3.946223756,0,0.666808587,0.509064,0.525011,0,0,0,0,0,3.985111508,0,0,1.570422,0,0,0.531473276,0,0
Hispanic,Female,,F10-092718-RH,0,0.688575478,0.692658427,0,3.822382501,0.498764,0,4.618168071,0.337070429,2.401339958,1.084463,1.007777,0,0,0.5883405,0,0,3.785838657,0.816244196,1.24986,1.839609,0.615896,0,2.076128417,0,0
Hispanic,Male,,M11-092718-LH,0,0.856872285,1.4028294,0,2.613465175,0.288083,0,4.665568936,0.774406429,2.542375805,0.671282,0,0,0,0,0,0,7.72672921,1.616876775,0.671282,0,0,0,1.621208168,0,0
Hispanic,Male,,M11-092718-RH,0,0.55855658,0,0.598403,1.749219998,0.859648,0,5.327151376,0.763050571,3.06142818,0.534051,0.727359,0,0,0,0,0,4.670436347,2.331352456,0.534051,1.275785,0,0,1.275486047,0,0
Hispanic,Male,,M12-092718-LH,0,0.574050512,0,0,1.149189781,0.442191,0,5.899465955,0.688685857,0.785489648,0.759839,0.718139,0,0,0,0,0,5.381869428,1.608575121,0.759839,0.536801,0,2.72606,0.883028437,0,0
Hispanic,Male,,M12-092718-RH,0,1.074576854,0,0,1.265574737,0.540217,0,7.048403141,0.630974143,0.792977647,0.84737,0.706506,0,0,0,0,0,5.186828247,1.836280859,0.84737,0.638964,0,2.740798,0.807063696,0,0